,std_boston_r2,std_boston_mae,std_boston_mse,norm_boston_r2,norm_boston_mae,norm_boston_mse,none_boston_r2,none_boston_mae,none_boston_mse
0,0.7836295385076291,3.344665503598749,19.831323672063142,0.7836295385076297,3.3446655035987427,19.83132367206308,0.7836295385076268,3.3446655035987582,19.831323672063345
1,0.7330247212691934,3.3929547821817923,23.038812866283507,0.733024721269193,3.392954782181795,23.038812866283543,0.7330247212691907,3.3929547821818087,23.038812866283735
2,0.7147895265576845,3.400508956597988,22.43193607073756,0.7147895265576847,3.4005089565979896,22.431936070737553,0.7147895265576849,3.400508956597988,22.431936070737528
3,0.699625577298311,3.707127137271816,29.326596526123293,0.6996255772983113,3.7071271372718146,29.326596526123257,0.6996255772983115,3.7071271372718173,29.326596526123232
4,0.7057919873264535,3.4719478482701676,29.798844301478873,0.7057919873264541,3.4719478482701605,29.798844301478812,0.7057919873264544,3.4719478482701565,29.79884430147879
5,0.7275131045619094,3.6187726615382028,29.849245669348868,0.7275131045619094,3.618772661538203,29.849245669348875,0.7275131045619101,3.6187726615382028,29.849245669348804
6,0.6881052680981322,3.7251847397340385,32.910137999825544,0.6881052680981325,3.725184739734036,32.9101379998255,0.6881052680981317,3.7251847397340434,32.9101379998256
7,0.6394929510157015,3.6415412064707886,27.362492507666897,0.6394929510157016,3.6415412064707873,27.362492507666886,0.6394929510157022,3.6415412064707824,27.362492507666836
