,std_california_r2,std_california_mae,std_california_mse,norm_california_r2,norm_california_mae,norm_california_mse,none_california_r2,none_california_mae,none_california_mse
0,0.5971429737359629,0.5352476763196592,0.5296293151408233,0.597142973735963,0.5352476763196586,0.5296293151408232,0.5971429737359628,0.5352476763196582,0.5296293151408235
1,0.6015507891610434,0.5362588391493065,0.5390898360437728,0.601550789161043,0.536258839149306,0.5390898360437733,0.6015507891610442,0.5362588391493084,0.5390898360437717
2,0.591006471966246,0.528979462319564,0.5323502642083179,0.5910064719662464,0.5289794623195632,0.5323502642083172,0.5910064719662458,0.528979462319564,0.5323502642083181
3,0.5913048824900671,0.5370779294017786,0.554044030008257,0.5913048824900671,0.5370779294017776,0.5540440300082569,0.5913048824900671,0.5370779294017796,0.554044030008257
4,0.6221318111480791,0.5258541695643584,0.5004697085848049,0.6221318111480794,0.5258541695643575,0.5004697085848047,0.6221318111480789,0.5258541695643607,0.5004697085848052
5,0.6015843556015095,0.5404061577501015,0.5422898974938394,0.6015843556015092,0.540406157750101,0.5422898974938395,0.601584355601509,0.5404061577501028,0.5422898974938399
6,0.6096600332982849,0.5300113190529511,0.5195208205768578,0.6096600332982849,0.5300113190529505,0.5195208205768578,0.6096600332982851,0.5300113190529514,0.5195208205768573
7,0.5907303699006211,0.5279430081528257,0.5364917604566088,0.5907303699006211,0.5279430081528252,0.5364917604566088,0.5907303699006209,0.5279430081528281,0.5364917604566091
