,std_diabetes_r2,std_diabetes_mae,std_diabetes_mse,norm_diabetes_r2,norm_diabetes_mae,norm_diabetes_mse,none_diabetes_r2,none_diabetes_mae,none_diabetes_mse
0,0.43845698491295726,41.64925030150086,2827.070960636804,0.43845698491295737,41.64925030150086,2827.0709606368036,0.43845698491295737,41.649250301500864,2827.0709606368036
1,0.5012620528324083,44.19907181477352,2919.7507739504604,0.5012620528324084,44.199071814773525,2919.75077395046,0.5012620528324083,44.19907181477353,2919.7507739504604
2,0.43862005969480655,44.040771297445495,3100.4034409531205,0.43862005969480644,44.0407712974455,3100.4034409531214,0.43862005969480655,44.0407712974455,3100.4034409531205
3,0.47465388057520974,46.12204670433451,3324.2174547708487,0.47465388057520985,46.12204670433451,3324.2174547708482,0.4746538805752102,46.12204670433448,3324.2174547708464
4,0.492932968007046,42.00242795515851,2687.1516427887927,0.4929329680070461,42.002427955158495,2687.1516427887923,0.4929329680070461,42.002427955158495,2687.1516427887923
5,0.47458583500781626,45.773077674259255,3277.9593222388803,0.47458583500781626,45.773077674259255,3277.9593222388808,0.47458583500781626,45.773077674259255,3277.9593222388803
6,0.5149340612690245,43.05914977235276,2885.977145940858,0.5149340612690243,43.059149772352775,2885.9771459408585,0.5149340612690243,43.059149772352775,2885.9771459408585
7,0.49877841416815794,41.359786857408004,2721.391001664692,0.4987784141681575,41.359786857408025,2721.3910016646946,0.4987784141681578,41.35978685740802,2721.391001664693
