,std_diabetes_r2,std_diabetes_mae,std_diabetes_mse,norm_diabetes_r2,norm_diabetes_mae,norm_diabetes_mse,none_diabetes_r2,none_diabetes_mae,none_diabetes_mse
0,0.42829578881247243,42.92353101932309,2878.2271884754928,0.4095499803732918,43.45716835701066,2972.6023819125494,0.43845698491295737,41.649250301500864,2827.0709606368036
1,0.4929554492416295,44.028919616744524,2968.3799436392997,0.4620061800184726,46.15823521866312,3149.565580867638,0.5012620528324083,44.19907181477353,2919.7507739504604
2,0.4360263252826314,44.38566850076773,3114.7281834653922,0.44070085763680245,43.67059003807269,3088.9115570504196,0.43862005969480655,44.0407712974455,3100.4034409531205
3,0.4837214734909151,46.690710448234995,3266.840709176634,0.4452321141285831,48.61288258689584,3510.3887158799157,0.4746538805752102,46.12204670433448,3324.2174547708464
4,0.46332119417280015,43.181570062099034,2844.076312870064,0.1563179228766317,54.53340484157361,4471.009820186895,0.4929329680070461,42.002427955158495,2687.1516427887923
5,0.48038906461800923,45.62597013018346,3241.754073375619,0.4688025454104451,45.664716419880385,3314.040169144087,0.47458583500781626,45.773077674259255,3277.9593222388803
6,0.5092531592714618,43.32935342941435,2919.7765781916323,0.467533221841691,44.484837112493466,3167.9959981480147,0.5149340612690243,43.059149772352775,2885.9771459408585
7,0.49704163392114864,41.4712059138033,2730.8208791274433,0.4683884644077386,43.149613462788516,2886.3937432800417,0.4987784141681578,41.35978685740802,2721.391001664693
